filename,Superhero
superhero_test_1,
superhero_test_2,
superhero_test_3,
superhero_test_4,
superhero_test_5,
superhero_test_6,
superhero_test_7,
superhero_test_8,
superhero_test_9,
superhero_test_10,
superhero_test_11,
superhero_test_12,
superhero_test_13,
superhero_test_14,
superhero_test_15,
superhero_test_16,
superhero_test_17,
superhero_test_18,
superhero_test_19,
superhero_test_20,
superhero_test_21,
superhero_test_22,
superhero_test_23,
superhero_test_24,
superhero_test_25,
superhero_test_26,
superhero_test_27,
superhero_test_28,
superhero_test_29,
superhero_test_30,
superhero_test_31,
superhero_test_32,
superhero_test_33,
superhero_test_34,
superhero_test_35,
superhero_test_36,
superhero_test_37,
superhero_test_38,
superhero_test_39,
superhero_test_40,
superhero_test_41,
superhero_test_42,
superhero_test_43,
superhero_test_44,
superhero_test_45,
superhero_test_46,
superhero_test_47,
superhero_test_48,
superhero_test_49,
superhero_test_50,
superhero_test_51,
superhero_test_52,
superhero_test_53,
superhero_test_54,
superhero_test_55,
superhero_test_56,
superhero_test_57,
superhero_test_58,
superhero_test_59,
superhero_test_60,
superhero_test_61,
superhero_test_62,
superhero_test_63,
superhero_test_64,
superhero_test_65,
superhero_test_66,
superhero_test_67,
superhero_test_68,
superhero_test_69,
superhero_test_70,
superhero_test_71,
superhero_test_72,
superhero_test_73,
superhero_test_74,
superhero_test_75,
superhero_test_76,
superhero_test_77,
superhero_test_78,
superhero_test_79,
superhero_test_80,
superhero_test_81,
superhero_test_82,
superhero_test_83,
superhero_test_84,
superhero_test_85,
superhero_test_86,
superhero_test_87,
superhero_test_88,
superhero_test_89,
superhero_test_90,
superhero_test_91,
superhero_test_92,
superhero_test_93,
superhero_test_94,
superhero_test_95,
superhero_test_96,
superhero_test_97,
superhero_test_98,
superhero_test_99,
superhero_test_100,
superhero_test_101,
superhero_test_102,
superhero_test_103,
superhero_test_104,
superhero_test_105,
superhero_test_106,
superhero_test_107,
superhero_test_108,
superhero_test_109,
superhero_test_110,
superhero_test_111,
superhero_test_112,
superhero_test_113,
superhero_test_114,
superhero_test_115,
superhero_test_116,
superhero_test_117,
superhero_test_118,
superhero_test_119,
superhero_test_120,
superhero_test_121,
superhero_test_122,
superhero_test_123,
superhero_test_124,
superhero_test_125,
superhero_test_126,
superhero_test_127,
superhero_test_128,
superhero_test_129,
superhero_test_130,
superhero_test_131,
superhero_test_132,
superhero_test_133,
superhero_test_134,
superhero_test_135,
superhero_test_136,
superhero_test_137,
superhero_test_138,
superhero_test_139,
superhero_test_140,
superhero_test_141,
superhero_test_142,
superhero_test_143,
superhero_test_144,
superhero_test_145,
superhero_test_146,
superhero_test_147,
superhero_test_148,
superhero_test_149,
superhero_test_150,
superhero_test_151,
superhero_test_152,
superhero_test_153,
superhero_test_154,
superhero_test_155,
superhero_test_156,
superhero_test_157,
superhero_test_158,
superhero_test_159,
superhero_test_160,
superhero_test_161,
superhero_test_162,
superhero_test_163,
superhero_test_164,
superhero_test_165,
superhero_test_166,
superhero_test_167,
superhero_test_168,
superhero_test_169,
superhero_test_170,
superhero_test_171,
superhero_test_172,
superhero_test_173,
superhero_test_174,
superhero_test_175,
superhero_test_176,
superhero_test_177,
superhero_test_178,
superhero_test_179,
superhero_test_180,
superhero_test_181,
superhero_test_182,
superhero_test_183,
superhero_test_184,
superhero_test_185,
superhero_test_186,
superhero_test_187,
superhero_test_188,
superhero_test_189,
superhero_test_190,
superhero_test_191,
superhero_test_192,
superhero_test_193,
superhero_test_194,
superhero_test_195,
superhero_test_196,
superhero_test_197,
superhero_test_198,
superhero_test_199,
superhero_test_200,
superhero_test_201,
superhero_test_202,
superhero_test_203,
superhero_test_204,
superhero_test_205,
superhero_test_206,
superhero_test_207,
superhero_test_208,
superhero_test_209,
superhero_test_210,
superhero_test_211,
superhero_test_212,
superhero_test_213,
superhero_test_214,
superhero_test_215,
superhero_test_216,
superhero_test_217,
superhero_test_218,
superhero_test_219,
superhero_test_220,
superhero_test_221,
superhero_test_222,
superhero_test_223,
superhero_test_224,
superhero_test_225,
superhero_test_226,
superhero_test_227,
superhero_test_228,
superhero_test_229,
superhero_test_230,
superhero_test_231,
superhero_test_232,
superhero_test_233,
superhero_test_234,
superhero_test_235,
superhero_test_236,
superhero_test_237,
superhero_test_238,
superhero_test_239,
superhero_test_240,
superhero_test_241,
superhero_test_242,
superhero_test_243,
superhero_test_244,
superhero_test_245,
superhero_test_246,
superhero_test_247,
superhero_test_248,
superhero_test_249,
superhero_test_250,
superhero_test_251,
superhero_test_252,
superhero_test_253,
superhero_test_254,
superhero_test_255,
superhero_test_256,
superhero_test_257,
superhero_test_258,
superhero_test_259,
superhero_test_260,
superhero_test_261,
superhero_test_262,
superhero_test_263,
superhero_test_264,
superhero_test_265,
superhero_test_266,
superhero_test_267,
superhero_test_268,
superhero_test_269,
superhero_test_270,
superhero_test_271,
superhero_test_272,
superhero_test_273,
superhero_test_274,
superhero_test_275,
superhero_test_276,
superhero_test_277,
superhero_test_278,
superhero_test_279,
superhero_test_280,
superhero_test_281,
superhero_test_282,
superhero_test_283,
superhero_test_284,
superhero_test_285,
superhero_test_286,
superhero_test_287,
superhero_test_288,
superhero_test_289,
superhero_test_290,
superhero_test_291,
superhero_test_292,
superhero_test_293,
superhero_test_294,
superhero_test_295,
superhero_test_296,
superhero_test_297,
superhero_test_298,
superhero_test_299,
superhero_test_300,
superhero_test_301,
superhero_test_302,
superhero_test_303,
superhero_test_304,
superhero_test_305,
superhero_test_306,
superhero_test_307,
superhero_test_308,
superhero_test_309,
superhero_test_310,
superhero_test_311,
superhero_test_312,
superhero_test_313,
superhero_test_314,
superhero_test_315,
superhero_test_316,
superhero_test_317,
superhero_test_318,
superhero_test_319,
superhero_test_320,
superhero_test_321,
superhero_test_322,
superhero_test_323,
superhero_test_324,
superhero_test_325,
superhero_test_326,
superhero_test_327,
superhero_test_328,
superhero_test_329,
superhero_test_330,
superhero_test_331,
superhero_test_332,
superhero_test_333,
superhero_test_334,
superhero_test_335,
superhero_test_336,
superhero_test_337,
superhero_test_338,
superhero_test_339,
superhero_test_340,
superhero_test_341,
superhero_test_342,
superhero_test_343,
superhero_test_344,
superhero_test_345,
superhero_test_346,
superhero_test_347,
superhero_test_348,
superhero_test_349,
superhero_test_350,
superhero_test_351,
superhero_test_352,
superhero_test_353,
superhero_test_354,
superhero_test_355,
superhero_test_356,
superhero_test_357,
superhero_test_358,
superhero_test_359,
superhero_test_360,
superhero_test_361,
superhero_test_362,
superhero_test_363,
superhero_test_364,
superhero_test_365,
superhero_test_366,
superhero_test_367,
superhero_test_368,
superhero_test_369,
superhero_test_370,
superhero_test_371,
superhero_test_372,
superhero_test_373,
superhero_test_374,
superhero_test_375,
superhero_test_376,
superhero_test_377,
superhero_test_378,
superhero_test_379,
superhero_test_380,
superhero_test_381,
superhero_test_382,
superhero_test_383,
superhero_test_384,
superhero_test_385,
superhero_test_386,
superhero_test_387,
superhero_test_388,
superhero_test_389,
superhero_test_390,
superhero_test_391,
superhero_test_392,
superhero_test_393,
superhero_test_394,
superhero_test_395,
superhero_test_396,
superhero_test_397,
superhero_test_398,
superhero_test_399,
superhero_test_400,
superhero_test_401,
superhero_test_402,
superhero_test_403,
superhero_test_404,
superhero_test_405,
superhero_test_406,
superhero_test_407,
superhero_test_408,
superhero_test_409,
superhero_test_410,
superhero_test_411,
superhero_test_412,
superhero_test_413,
superhero_test_414,
superhero_test_415,
superhero_test_416,
superhero_test_417,
superhero_test_418,
superhero_test_419,
superhero_test_420,
superhero_test_421,
superhero_test_422,
superhero_test_423,
superhero_test_424,
superhero_test_425,
superhero_test_426,
superhero_test_427,
superhero_test_428,
superhero_test_429,
superhero_test_430,
superhero_test_431,
superhero_test_432,
superhero_test_433,
superhero_test_434,
superhero_test_435,
superhero_test_436,
superhero_test_437,
superhero_test_438,
superhero_test_439,
superhero_test_440,
superhero_test_441,
superhero_test_442,
superhero_test_443,
superhero_test_444,
superhero_test_445,
superhero_test_446,
superhero_test_447,
superhero_test_448,
superhero_test_449,
superhero_test_450,
superhero_test_451,
superhero_test_452,
superhero_test_453,
superhero_test_454,
superhero_test_455,
superhero_test_456,
superhero_test_457,
superhero_test_458,
superhero_test_459,
superhero_test_460,
superhero_test_461,
superhero_test_462,
superhero_test_463,
superhero_test_464,
superhero_test_465,
superhero_test_466,
superhero_test_467,
superhero_test_468,
superhero_test_469,
superhero_test_470,
superhero_test_471,
superhero_test_472,
superhero_test_473,
superhero_test_474,
superhero_test_475,
superhero_test_476,
superhero_test_477,
superhero_test_478,
superhero_test_479,
superhero_test_480,
superhero_test_481,
superhero_test_482,
superhero_test_483,
superhero_test_484,
superhero_test_485,
superhero_test_486,
superhero_test_487,
superhero_test_488,
superhero_test_489,
superhero_test_490,
superhero_test_491,
superhero_test_492,
superhero_test_493,
superhero_test_494,
superhero_test_495,
superhero_test_496,
superhero_test_497,
superhero_test_498,
superhero_test_499,
superhero_test_500,
superhero_test_501,
superhero_test_502,
superhero_test_503,
superhero_test_504,
superhero_test_505,
superhero_test_506,
superhero_test_507,
superhero_test_508,
superhero_test_509,
superhero_test_510,
superhero_test_511,
superhero_test_512,
superhero_test_513,
superhero_test_514,
superhero_test_515,
superhero_test_516,
superhero_test_517,
superhero_test_518,
superhero_test_519,
superhero_test_520,
superhero_test_521,
superhero_test_522,
superhero_test_523,
superhero_test_524,
superhero_test_525,
superhero_test_526,
superhero_test_527,
superhero_test_528,
superhero_test_529,
superhero_test_530,
superhero_test_531,
superhero_test_532,
superhero_test_533,
superhero_test_534,
superhero_test_535,
superhero_test_536,
superhero_test_537,
superhero_test_538,
superhero_test_539,
superhero_test_540,
superhero_test_541,
superhero_test_542,
superhero_test_543,
superhero_test_544,
superhero_test_545,
superhero_test_546,
superhero_test_547,
superhero_test_548,
superhero_test_549,
superhero_test_550,
superhero_test_551,
superhero_test_552,
superhero_test_553,
superhero_test_554,
superhero_test_555,
superhero_test_556,
superhero_test_557,
superhero_test_558,
superhero_test_559,
superhero_test_560,
superhero_test_561,
superhero_test_562,
superhero_test_563,
superhero_test_564,
superhero_test_565,
superhero_test_566,
superhero_test_567,
superhero_test_568,
superhero_test_569,
superhero_test_570,
superhero_test_571,
superhero_test_572,
superhero_test_573,
superhero_test_574,
superhero_test_575,
superhero_test_576,
superhero_test_577,
superhero_test_578,
superhero_test_579,
superhero_test_580,
superhero_test_581,
superhero_test_582,
superhero_test_583,
superhero_test_584,
superhero_test_585,
superhero_test_586,
superhero_test_587,
superhero_test_588,
superhero_test_589,
superhero_test_590,
superhero_test_591,
superhero_test_592,
superhero_test_593,
superhero_test_594,
superhero_test_595,
superhero_test_596,
superhero_test_597,
superhero_test_598,
superhero_test_599,
superhero_test_600,
superhero_test_601,
superhero_test_602,
superhero_test_603,
superhero_test_604,
superhero_test_605,
superhero_test_606,
superhero_test_607,
superhero_test_608,
superhero_test_609,
superhero_test_610,
superhero_test_611,
superhero_test_612,
superhero_test_613,
superhero_test_614,
superhero_test_615,
superhero_test_616,
superhero_test_617,
superhero_test_618,
superhero_test_619,
superhero_test_620,
superhero_test_621,
superhero_test_622,
superhero_test_623,
superhero_test_624,
superhero_test_625,
superhero_test_626,
superhero_test_627,
superhero_test_628,
superhero_test_629,
superhero_test_630,
superhero_test_631,
superhero_test_632,
superhero_test_633,
superhero_test_634,
superhero_test_635,
superhero_test_636,
superhero_test_637,
superhero_test_638,
superhero_test_639,
superhero_test_640,
superhero_test_641,
superhero_test_642,
superhero_test_643,
superhero_test_644,
superhero_test_645,
superhero_test_646,
superhero_test_647,
superhero_test_648,
superhero_test_649,
superhero_test_650,
superhero_test_651,
superhero_test_652,
superhero_test_653,
superhero_test_654,
superhero_test_655,
superhero_test_656,
superhero_test_657,
superhero_test_658,
superhero_test_659,
superhero_test_660,
superhero_test_661,
superhero_test_662,
superhero_test_663,
superhero_test_664,
superhero_test_665,
superhero_test_666,
superhero_test_667,
superhero_test_668,
superhero_test_669,
superhero_test_670,
superhero_test_671,
superhero_test_672,
superhero_test_673,
superhero_test_674,
superhero_test_675,
superhero_test_676,
superhero_test_677,
superhero_test_678,
superhero_test_679,
superhero_test_680,
superhero_test_681,
superhero_test_682,
superhero_test_683,
superhero_test_684,
superhero_test_685,
superhero_test_686,
superhero_test_687,
superhero_test_688,
superhero_test_689,
superhero_test_690,
superhero_test_691,
superhero_test_692,
superhero_test_693,
superhero_test_694,
superhero_test_695,
superhero_test_696,
superhero_test_697,
superhero_test_698,
superhero_test_699,
superhero_test_700,
superhero_test_701,
superhero_test_702,
superhero_test_703,
superhero_test_704,
superhero_test_705,
superhero_test_706,
superhero_test_707,
superhero_test_708,
superhero_test_709,
superhero_test_710,
superhero_test_711,
superhero_test_712,
superhero_test_713,
superhero_test_714,
superhero_test_715,
superhero_test_716,
superhero_test_717,
superhero_test_718,
superhero_test_719,
superhero_test_720,
superhero_test_721,
superhero_test_722,
superhero_test_723,
superhero_test_724,
superhero_test_725,
superhero_test_726,
superhero_test_727,
superhero_test_728,
superhero_test_729,
superhero_test_730,
superhero_test_731,
superhero_test_732,
superhero_test_733,
superhero_test_734,
superhero_test_735,
superhero_test_736,
superhero_test_737,
superhero_test_738,
superhero_test_739,
superhero_test_740,
superhero_test_741,
superhero_test_742,
superhero_test_743,
superhero_test_744,
superhero_test_745,
superhero_test_746,
superhero_test_747,
superhero_test_748,
superhero_test_749,
superhero_test_750,
superhero_test_751,
superhero_test_752,
superhero_test_753,
superhero_test_754,
superhero_test_755,
superhero_test_756,
superhero_test_757,
superhero_test_758,
superhero_test_759,
superhero_test_760,
superhero_test_761,
superhero_test_762,
superhero_test_763,
superhero_test_764,
superhero_test_765,
superhero_test_766,
superhero_test_767,
superhero_test_768,
superhero_test_769,
superhero_test_770,
superhero_test_771,
superhero_test_772,
superhero_test_773,
superhero_test_774,
superhero_test_775,
superhero_test_776,
superhero_test_777,
superhero_test_778,
superhero_test_779,
superhero_test_780,
superhero_test_781,
superhero_test_782,
superhero_test_783,
superhero_test_784,
superhero_test_785,
superhero_test_786,
superhero_test_787,
superhero_test_788,
superhero_test_789,
superhero_test_790,
superhero_test_791,
superhero_test_792,
superhero_test_793,
superhero_test_794,
superhero_test_795,
superhero_test_796,
superhero_test_797,
superhero_test_798,
superhero_test_799,
superhero_test_800,
superhero_test_801,
superhero_test_802,
superhero_test_803,
superhero_test_804,
superhero_test_805,
superhero_test_806,
superhero_test_807,
superhero_test_808,
superhero_test_809,
superhero_test_810,
superhero_test_811,
superhero_test_812,
superhero_test_813,
superhero_test_814,
superhero_test_815,
superhero_test_816,
superhero_test_817,
superhero_test_818,
superhero_test_819,
superhero_test_820,
superhero_test_821,
superhero_test_822,
superhero_test_823,
superhero_test_824,
superhero_test_825,
superhero_test_826,
superhero_test_827,
superhero_test_828,
superhero_test_829,
superhero_test_830,
superhero_test_831,
superhero_test_832,
superhero_test_833,
superhero_test_834,
superhero_test_835,
superhero_test_836,
superhero_test_837,
superhero_test_838,
superhero_test_839,
superhero_test_840,
superhero_test_841,
superhero_test_842,
superhero_test_843,
superhero_test_844,
superhero_test_845,
superhero_test_846,
superhero_test_847,
superhero_test_848,
superhero_test_849,
superhero_test_850,
superhero_test_851,
superhero_test_852,
superhero_test_853,
superhero_test_854,
superhero_test_855,
superhero_test_856,
superhero_test_857,
superhero_test_858,
superhero_test_859,
superhero_test_860,
superhero_test_861,
superhero_test_862,
superhero_test_863,
superhero_test_864,
superhero_test_865,
superhero_test_866,
superhero_test_867,
superhero_test_868,
superhero_test_869,
superhero_test_870,
superhero_test_871,
superhero_test_872,
superhero_test_873,
superhero_test_874,
superhero_test_875,
superhero_test_876,
superhero_test_877,
superhero_test_878,
superhero_test_879,
superhero_test_880,
superhero_test_881,
superhero_test_882,
superhero_test_883,
superhero_test_884,
superhero_test_885,
superhero_test_886,
superhero_test_887,
superhero_test_888,
superhero_test_889,
superhero_test_890,
superhero_test_891,
superhero_test_892,
superhero_test_893,
superhero_test_894,
superhero_test_895,
superhero_test_896,
superhero_test_897,
superhero_test_898,
superhero_test_899,
superhero_test_900,
superhero_test_901,
superhero_test_902,
superhero_test_903,
superhero_test_904,
superhero_test_905,
superhero_test_906,
superhero_test_907,
superhero_test_908,
superhero_test_909,
superhero_test_910,
superhero_test_911,
superhero_test_912,
superhero_test_913,
superhero_test_914,
superhero_test_915,
superhero_test_916,
superhero_test_917,
superhero_test_918,
superhero_test_919,
superhero_test_920,
superhero_test_921,
superhero_test_922,
superhero_test_923,
superhero_test_924,
superhero_test_925,
superhero_test_926,
superhero_test_927,
superhero_test_928,
superhero_test_929,
superhero_test_930,
superhero_test_931,
superhero_test_932,
superhero_test_933,
superhero_test_934,
superhero_test_935,
superhero_test_936,
superhero_test_937,
superhero_test_938,
superhero_test_939,
superhero_test_940,
superhero_test_941,
superhero_test_942,
superhero_test_943,
superhero_test_944,
superhero_test_945,
superhero_test_946,
superhero_test_947,
superhero_test_948,
superhero_test_949,
superhero_test_950,
superhero_test_951,
superhero_test_952,
superhero_test_953,
superhero_test_954,
superhero_test_955,
superhero_test_956,
superhero_test_957,
superhero_test_958,
superhero_test_959,
superhero_test_960,
superhero_test_961,
superhero_test_962,
superhero_test_963,
superhero_test_964,
superhero_test_965,
superhero_test_966,
superhero_test_967,
superhero_test_968,
superhero_test_969,
superhero_test_970,
superhero_test_971,
superhero_test_972,
superhero_test_973,
superhero_test_974,
superhero_test_975,
superhero_test_976,
superhero_test_977,
superhero_test_978,
superhero_test_979,
superhero_test_980,
superhero_test_981,
superhero_test_982,
superhero_test_983,
superhero_test_984,
superhero_test_985,
superhero_test_986,
superhero_test_987,
superhero_test_988,
superhero_test_989,
superhero_test_990,
superhero_test_991,
superhero_test_992,
superhero_test_993,
superhero_test_994,
superhero_test_995,
superhero_test_996,
superhero_test_997,
superhero_test_998,
superhero_test_999,
superhero_test_1000,
superhero_test_1001,
superhero_test_1002,
superhero_test_1003,
superhero_test_1004,
superhero_test_1005,
superhero_test_1006,
superhero_test_1007,
superhero_test_1008,
superhero_test_1009,
superhero_test_1010,
superhero_test_1011,
superhero_test_1012,
superhero_test_1013,
superhero_test_1014,
superhero_test_1015,
superhero_test_1016,
superhero_test_1017,
superhero_test_1018,
superhero_test_1019,
superhero_test_1020,
superhero_test_1021,
superhero_test_1022,
superhero_test_1023,
superhero_test_1024,
superhero_test_1025,
superhero_test_1026,
superhero_test_1027,
superhero_test_1028,
superhero_test_1029,
superhero_test_1030,
superhero_test_1031,
superhero_test_1032,
superhero_test_1033,
superhero_test_1034,
superhero_test_1035,
superhero_test_1036,
superhero_test_1037,
superhero_test_1038,
superhero_test_1039,
superhero_test_1040,
superhero_test_1041,
superhero_test_1042,
superhero_test_1043,
superhero_test_1044,
superhero_test_1045,
superhero_test_1046,
superhero_test_1047,
superhero_test_1048,
superhero_test_1049,
superhero_test_1050,
superhero_test_1051,
superhero_test_1052,
superhero_test_1053,
superhero_test_1054,
superhero_test_1055,
superhero_test_1056,
superhero_test_1057,
superhero_test_1058,
superhero_test_1059,
superhero_test_1060,
superhero_test_1061,
superhero_test_1062,
superhero_test_1063,
superhero_test_1064,
superhero_test_1065,
superhero_test_1066,
superhero_test_1067,
superhero_test_1068,
superhero_test_1069,
superhero_test_1070,
superhero_test_1071,
superhero_test_1072,
superhero_test_1073,
superhero_test_1074,
superhero_test_1075,
superhero_test_1076,
superhero_test_1077,
superhero_test_1078,
superhero_test_1079,
superhero_test_1080,
superhero_test_1081,
superhero_test_1082,
superhero_test_1083,
superhero_test_1084,
superhero_test_1085,
superhero_test_1086,
superhero_test_1087,
superhero_test_1088,
superhero_test_1089,
superhero_test_1090,
superhero_test_1091,
superhero_test_1092,
superhero_test_1093,
superhero_test_1094,
superhero_test_1095,
superhero_test_1096,
superhero_test_1097,
superhero_test_1098,
superhero_test_1099,
superhero_test_1100,
superhero_test_1101,
superhero_test_1102,
superhero_test_1103,
superhero_test_1104,
superhero_test_1105,
superhero_test_1106,
superhero_test_1107,
superhero_test_1108,
superhero_test_1109,
superhero_test_1110,
superhero_test_1111,
superhero_test_1112,
superhero_test_1113,
superhero_test_1114,
superhero_test_1115,
superhero_test_1116,
superhero_test_1117,
superhero_test_1118,
superhero_test_1119,
superhero_test_1120,
superhero_test_1121,
superhero_test_1122,
superhero_test_1123,
superhero_test_1124,
superhero_test_1125,
superhero_test_1126,
superhero_test_1127,
superhero_test_1128,
superhero_test_1129,
superhero_test_1130,
superhero_test_1131,
superhero_test_1132,
superhero_test_1133,
superhero_test_1134,
superhero_test_1135,
superhero_test_1136,
superhero_test_1137,
superhero_test_1138,
superhero_test_1139,
superhero_test_1140,
superhero_test_1141,
superhero_test_1142,
superhero_test_1143,
superhero_test_1144,
superhero_test_1145,
superhero_test_1146,
superhero_test_1147,
superhero_test_1148,
superhero_test_1149,
superhero_test_1150,
superhero_test_1151,
superhero_test_1152,
superhero_test_1153,
superhero_test_1154,
superhero_test_1155,
superhero_test_1156,
superhero_test_1157,
superhero_test_1158,
superhero_test_1159,
superhero_test_1160,
superhero_test_1161,
superhero_test_1162,
superhero_test_1163,
superhero_test_1164,
superhero_test_1165,
superhero_test_1166,
superhero_test_1167,
superhero_test_1168,
superhero_test_1169,
superhero_test_1170,
superhero_test_1171,
superhero_test_1172,
superhero_test_1173,
superhero_test_1174,
superhero_test_1175,
superhero_test_1176,
superhero_test_1177,
superhero_test_1178,
superhero_test_1179,
superhero_test_1180,
superhero_test_1181,
superhero_test_1182,
superhero_test_1183,
superhero_test_1184,
superhero_test_1185,
superhero_test_1186,
superhero_test_1187,
superhero_test_1188,
superhero_test_1189,
superhero_test_1190,
superhero_test_1191,
superhero_test_1192,
superhero_test_1193,
superhero_test_1194,
superhero_test_1195,
superhero_test_1196,
superhero_test_1197,
superhero_test_1198,
superhero_test_1199,
superhero_test_1200,
superhero_test_1201,
superhero_test_1202,
superhero_test_1203,
superhero_test_1204,
superhero_test_1205,
superhero_test_1206,
superhero_test_1207,
superhero_test_1208,
superhero_test_1209,
superhero_test_1210,
superhero_test_1211,
superhero_test_1212,
superhero_test_1213,
superhero_test_1214,
superhero_test_1215,
superhero_test_1216,
superhero_test_1217,
superhero_test_1218,
superhero_test_1219,
superhero_test_1220,
superhero_test_1221,
superhero_test_1222,
superhero_test_1223,
superhero_test_1224,
superhero_test_1225,
superhero_test_1226,
superhero_test_1227,
superhero_test_1228,
superhero_test_1229,
superhero_test_1230,
superhero_test_1231,
superhero_test_1232,
superhero_test_1233,
superhero_test_1234,
superhero_test_1235,
superhero_test_1236,
superhero_test_1237,
superhero_test_1238,
superhero_test_1239,
superhero_test_1240,
superhero_test_1241,
superhero_test_1242,
superhero_test_1243,
superhero_test_1244,
superhero_test_1245,
superhero_test_1246,
superhero_test_1247,
superhero_test_1248,
superhero_test_1249,
superhero_test_1250,
superhero_test_1251,
superhero_test_1252,
superhero_test_1253,
superhero_test_1254,
superhero_test_1255,
superhero_test_1256,
superhero_test_1257,
superhero_test_1258,
superhero_test_1259,
superhero_test_1260,
superhero_test_1261,
superhero_test_1262,
superhero_test_1263,
superhero_test_1264,
superhero_test_1265,
superhero_test_1266,
superhero_test_1267,
superhero_test_1268,
superhero_test_1269,
superhero_test_1270,
superhero_test_1271,
superhero_test_1272,
superhero_test_1273,
superhero_test_1274,
superhero_test_1275,
superhero_test_1276,
superhero_test_1277,
superhero_test_1278,
superhero_test_1279,
superhero_test_1280,
superhero_test_1281,
superhero_test_1282,
superhero_test_1283,
superhero_test_1284,
superhero_test_1285,
superhero_test_1286,
superhero_test_1287,
superhero_test_1288,
superhero_test_1289,
superhero_test_1290,
superhero_test_1291,
superhero_test_1292,
superhero_test_1293,
superhero_test_1294,
superhero_test_1295,
superhero_test_1296,
superhero_test_1297,
superhero_test_1298,
superhero_test_1299,
superhero_test_1300,
superhero_test_1301,
superhero_test_1302,
superhero_test_1303,
superhero_test_1304,
superhero_test_1305,
superhero_test_1306,
superhero_test_1307,
superhero_test_1308,
superhero_test_1309,
superhero_test_1310,
superhero_test_1311,
superhero_test_1312,
superhero_test_1313,
superhero_test_1314,
superhero_test_1315,
superhero_test_1316,
superhero_test_1317,
superhero_test_1318,
superhero_test_1319,
superhero_test_1320,
superhero_test_1321,
superhero_test_1322,
superhero_test_1323,
superhero_test_1324,
superhero_test_1325,
superhero_test_1326,
superhero_test_1327,
superhero_test_1328,
superhero_test_1329,
superhero_test_1330,
superhero_test_1331,
superhero_test_1332,
superhero_test_1333,
superhero_test_1334,
superhero_test_1335,
superhero_test_1336,
superhero_test_1337,
superhero_test_1338,
superhero_test_1339,
superhero_test_1340,
superhero_test_1341,
superhero_test_1342,
superhero_test_1343,
superhero_test_1344,
superhero_test_1345,
superhero_test_1346,
superhero_test_1347,
superhero_test_1348,
superhero_test_1349,
superhero_test_1350,
superhero_test_1351,
superhero_test_1352,
superhero_test_1353,
superhero_test_1354,
superhero_test_1355,
superhero_test_1356,
superhero_test_1357,
superhero_test_1358,
superhero_test_1359,
superhero_test_1360,
superhero_test_1361,
superhero_test_1362,
superhero_test_1363,
superhero_test_1364,
superhero_test_1365,
superhero_test_1366,
superhero_test_1367,
superhero_test_1368,
superhero_test_1369,
superhero_test_1370,
superhero_test_1371,
superhero_test_1372,
superhero_test_1373,
superhero_test_1374,
superhero_test_1375,
superhero_test_1376,
superhero_test_1377,
superhero_test_1378,
superhero_test_1379,
superhero_test_1380,
superhero_test_1381,
superhero_test_1382,
superhero_test_1383,
superhero_test_1384,
superhero_test_1385,
superhero_test_1386,
superhero_test_1387,
superhero_test_1388,
superhero_test_1389,
superhero_test_1390,
superhero_test_1391,
superhero_test_1392,
superhero_test_1393,
superhero_test_1394,
superhero_test_1395,
superhero_test_1396,
superhero_test_1397,
superhero_test_1398,
superhero_test_1399,
superhero_test_1400,
superhero_test_1401,
superhero_test_1402,
superhero_test_1403,
superhero_test_1404,
superhero_test_1405,
superhero_test_1406,
superhero_test_1407,
superhero_test_1408,
superhero_test_1409,
superhero_test_1410,
superhero_test_1411,
superhero_test_1412,
superhero_test_1413,
superhero_test_1414,
superhero_test_1415,
superhero_test_1416,
superhero_test_1417,
superhero_test_1418,
superhero_test_1419,
superhero_test_1420,
superhero_test_1421,
superhero_test_1422,
superhero_test_1423,
superhero_test_1424,
superhero_test_1425,
superhero_test_1426,
superhero_test_1427,
superhero_test_1428,
superhero_test_1429,
superhero_test_1430,
superhero_test_1431,
superhero_test_1432,
superhero_test_1433,
superhero_test_1434,
superhero_test_1435,
superhero_test_1436,
superhero_test_1437,
superhero_test_1438,
superhero_test_1439,
superhero_test_1440,
superhero_test_1441,
superhero_test_1442,
superhero_test_1443,
superhero_test_1444,
superhero_test_1445,
superhero_test_1446,
superhero_test_1447,
superhero_test_1448,
superhero_test_1449,
superhero_test_1450,
superhero_test_1451,
superhero_test_1452,
superhero_test_1453,
superhero_test_1454,
superhero_test_1455,
superhero_test_1456,
superhero_test_1457,
superhero_test_1458,
superhero_test_1459,
superhero_test_1460,
superhero_test_1461,
superhero_test_1462,
superhero_test_1463,
superhero_test_1464,
superhero_test_1465,
superhero_test_1466,
superhero_test_1467,
superhero_test_1468,
superhero_test_1469,
superhero_test_1470,
superhero_test_1471,
superhero_test_1472,
superhero_test_1473,
superhero_test_1474,
superhero_test_1475,
superhero_test_1476,
superhero_test_1477,
superhero_test_1478,
superhero_test_1479,
superhero_test_1480,
superhero_test_1481,
superhero_test_1482,
superhero_test_1483,
superhero_test_1484,
superhero_test_1485,
superhero_test_1486,
superhero_test_1487,
superhero_test_1488,
superhero_test_1489,
superhero_test_1490,
superhero_test_1491,
superhero_test_1492,
superhero_test_1493,
superhero_test_1494,
superhero_test_1495,
superhero_test_1496,
superhero_test_1497,
superhero_test_1498,
superhero_test_1499,
superhero_test_1500,
superhero_test_1501,
superhero_test_1502,
superhero_test_1503,
superhero_test_1504,
superhero_test_1505,
superhero_test_1506,
superhero_test_1507,
superhero_test_1508,
superhero_test_1509,
superhero_test_1510,
superhero_test_1511,
superhero_test_1512,
superhero_test_1513,
superhero_test_1514,
superhero_test_1515,
superhero_test_1516,
superhero_test_1517,
superhero_test_1518,
superhero_test_1519,
superhero_test_1520,
superhero_test_1521,
superhero_test_1522,
superhero_test_1523,
superhero_test_1524,
superhero_test_1525,
superhero_test_1526,
superhero_test_1527,
superhero_test_1528,
superhero_test_1529,
superhero_test_1530,
superhero_test_1531,
superhero_test_1532,
superhero_test_1533,
superhero_test_1534,
superhero_test_1535,
superhero_test_1536,
superhero_test_1537,
superhero_test_1538,
superhero_test_1539,
superhero_test_1540,
superhero_test_1541,
superhero_test_1542,
superhero_test_1543,
superhero_test_1544,
superhero_test_1545,
superhero_test_1546,
superhero_test_1547,
superhero_test_1548,
superhero_test_1549,
superhero_test_1550,
superhero_test_1551,
superhero_test_1552,
superhero_test_1553,
superhero_test_1554,
superhero_test_1555,
superhero_test_1556,
superhero_test_1557,
superhero_test_1558,
superhero_test_1559,
superhero_test_1560,
superhero_test_1561,
superhero_test_1562,
superhero_test_1563,
superhero_test_1564,
superhero_test_1565,
superhero_test_1566,
superhero_test_1567,
superhero_test_1568,
superhero_test_1569,
superhero_test_1570,
superhero_test_1571,
superhero_test_1572,
superhero_test_1573,
superhero_test_1574,
superhero_test_1575,
superhero_test_1576,
superhero_test_1577,
superhero_test_1578,
superhero_test_1579,
superhero_test_1580,
superhero_test_1581,
superhero_test_1582,
superhero_test_1583,
superhero_test_1584,
superhero_test_1585,
superhero_test_1586,
superhero_test_1587,
superhero_test_1588,
superhero_test_1589,
superhero_test_1590,
superhero_test_1591,
superhero_test_1592,
superhero_test_1593,
superhero_test_1594,
superhero_test_1595,
superhero_test_1596,
superhero_test_1597,
superhero_test_1598,
superhero_test_1599,
superhero_test_1600,
superhero_test_1601,
superhero_test_1602,
superhero_test_1603,
superhero_test_1604,
superhero_test_1605,
superhero_test_1606,
superhero_test_1607,
superhero_test_1608,
superhero_test_1609,
superhero_test_1610,
superhero_test_1611,
superhero_test_1612,
superhero_test_1613,
superhero_test_1614,
superhero_test_1615,
superhero_test_1616,
superhero_test_1617,
superhero_test_1618,
superhero_test_1619,
superhero_test_1620,
superhero_test_1621,
superhero_test_1622,
superhero_test_1623,
superhero_test_1624,
superhero_test_1625,
superhero_test_1626,
superhero_test_1627,
superhero_test_1628,
superhero_test_1629,
superhero_test_1630,
superhero_test_1631,
superhero_test_1632,
superhero_test_1633,
superhero_test_1634,
superhero_test_1635,
superhero_test_1636,
superhero_test_1637,
superhero_test_1638,
superhero_test_1639,
superhero_test_1640,
superhero_test_1641,
superhero_test_1642,
superhero_test_1643,
superhero_test_1644,
superhero_test_1645,
superhero_test_1646,
superhero_test_1647,
superhero_test_1648,
superhero_test_1649,
superhero_test_1650,
superhero_test_1651,
superhero_test_1652,
superhero_test_1653,
superhero_test_1654,
superhero_test_1655,
superhero_test_1656,
superhero_test_1657,
superhero_test_1658,
superhero_test_1659,
superhero_test_1660,
superhero_test_1661,
superhero_test_1662,
superhero_test_1663,
superhero_test_1664,
superhero_test_1665,
superhero_test_1666,
superhero_test_1667,
superhero_test_1668,
superhero_test_1669,
superhero_test_1670,
superhero_test_1671,
superhero_test_1672,
superhero_test_1673,
superhero_test_1674,
superhero_test_1675,
superhero_test_1676,
superhero_test_1677,
superhero_test_1678,
superhero_test_1679,
superhero_test_1680,
superhero_test_1681,
superhero_test_1682,
superhero_test_1683,
superhero_test_1684,
superhero_test_1685,
superhero_test_1686,
superhero_test_1687,
superhero_test_1688,
superhero_test_1689,
superhero_test_1690,
superhero_test_1691,
superhero_test_1692,
superhero_test_1693,
superhero_test_1694,
superhero_test_1695,
superhero_test_1696,
superhero_test_1697,
superhero_test_1698,
superhero_test_1699,
superhero_test_1700,
superhero_test_1701,
superhero_test_1702,
superhero_test_1703,
superhero_test_1704,
superhero_test_1705,
superhero_test_1706,
superhero_test_1707,
superhero_test_1708,
superhero_test_1709,
superhero_test_1710,
superhero_test_1711,
superhero_test_1712,
superhero_test_1713,
superhero_test_1714,
superhero_test_1715,
superhero_test_1716,
superhero_test_1717,
superhero_test_1718,
superhero_test_1719,
superhero_test_1720,
superhero_test_1721,
superhero_test_1722,
superhero_test_1723,
superhero_test_1724,
superhero_test_1725,
superhero_test_1726,
superhero_test_1727,
superhero_test_1728,
superhero_test_1729,
superhero_test_1730,
superhero_test_1731,
superhero_test_1732,
superhero_test_1733,
superhero_test_1734,
superhero_test_1735,
superhero_test_1736,
superhero_test_1737,
superhero_test_1738,
superhero_test_1739,
superhero_test_1740,
superhero_test_1741,
superhero_test_1742,
superhero_test_1743,
superhero_test_1744,
superhero_test_1745,
superhero_test_1746,
superhero_test_1747,
superhero_test_1748,
superhero_test_1749,
superhero_test_1750,
superhero_test_1751,
superhero_test_1752,
superhero_test_1753,
superhero_test_1754,
superhero_test_1755,
superhero_test_1756,
superhero_test_1757,
superhero_test_1758,
superhero_test_1759,
superhero_test_1760,
superhero_test_1761,
superhero_test_1762,
superhero_test_1763,
superhero_test_1764,
superhero_test_1765,
superhero_test_1766,
superhero_test_1767,
superhero_test_1768,
superhero_test_1769,
superhero_test_1770,
superhero_test_1771,
superhero_test_1772,
superhero_test_1773,
superhero_test_1774,
superhero_test_1775,
superhero_test_1776,
superhero_test_1777,
superhero_test_1778,
superhero_test_1779,
superhero_test_1780,
superhero_test_1781,
superhero_test_1782,
superhero_test_1783,
superhero_test_1784,
superhero_test_1785,
superhero_test_1786,
superhero_test_1787,
superhero_test_1788,
superhero_test_1789,
superhero_test_1790,
superhero_test_1791,
superhero_test_1792,
superhero_test_1793,
superhero_test_1794,
superhero_test_1795,
superhero_test_1796,
superhero_test_1797,
superhero_test_1798,
superhero_test_1799,
superhero_test_1800,
superhero_test_1801,
superhero_test_1802,
superhero_test_1803,
superhero_test_1804,
superhero_test_1805,
superhero_test_1806,
superhero_test_1807,
superhero_test_1808,
superhero_test_1809,
superhero_test_1810,
superhero_test_1811,
superhero_test_1812,
superhero_test_1813,
superhero_test_1814,
superhero_test_1815,
superhero_test_1816,
superhero_test_1817,
superhero_test_1818,
superhero_test_1819,
superhero_test_1820,
superhero_test_1821,
superhero_test_1822,
superhero_test_1823,
superhero_test_1824,
superhero_test_1825,
superhero_test_1826,
superhero_test_1827,
superhero_test_1828,
superhero_test_1829,
superhero_test_1830,
superhero_test_1831,
superhero_test_1832,
superhero_test_1833,
superhero_test_1834,
superhero_test_1835,
superhero_test_1836,
superhero_test_1837,
superhero_test_1838,
superhero_test_1839,
superhero_test_1840,
superhero_test_1841,
superhero_test_1842,
superhero_test_1843,
superhero_test_1844,
superhero_test_1845,
superhero_test_1846,
superhero_test_1847,
superhero_test_1848,
superhero_test_1849,
superhero_test_1850,
superhero_test_1851,
superhero_test_1852,
superhero_test_1853,
superhero_test_1854,
superhero_test_1855,
superhero_test_1856,
superhero_test_1857,
superhero_test_1858,
superhero_test_1859,
superhero_test_1860,
superhero_test_1861,
superhero_test_1862,
superhero_test_1863,
superhero_test_1864,
superhero_test_1865,
superhero_test_1866,
superhero_test_1867,
superhero_test_1868,
superhero_test_1869,
superhero_test_1870,
superhero_test_1871,
superhero_test_1872,
superhero_test_1873,
superhero_test_1874,
superhero_test_1875,
superhero_test_1876,
superhero_test_1877,
superhero_test_1878,
superhero_test_1879,
superhero_test_1880,
superhero_test_1881,
superhero_test_1882,
superhero_test_1883,
superhero_test_1884,
superhero_test_1885,
superhero_test_1886,
superhero_test_1887,
superhero_test_1888,
superhero_test_1889,
superhero_test_1890,
superhero_test_1891,
superhero_test_1892,
superhero_test_1893,
superhero_test_1894,
superhero_test_1895,
superhero_test_1896,
superhero_test_1897,
superhero_test_1898,
superhero_test_1899,
superhero_test_1900,
superhero_test_1901,
superhero_test_1902,
superhero_test_1903,
superhero_test_1904,
superhero_test_1905,
superhero_test_1906,
superhero_test_1907,
superhero_test_1908,
superhero_test_1909,
superhero_test_1910,
superhero_test_1911,
superhero_test_1912,
superhero_test_1913,
superhero_test_1914,
superhero_test_1915,
superhero_test_1916,
superhero_test_1917,
superhero_test_1918,
superhero_test_1919,
superhero_test_1920,
superhero_test_1921,
superhero_test_1922,
superhero_test_1923,
superhero_test_1924,
superhero_test_1925,
superhero_test_1926,
superhero_test_1927,
superhero_test_1928,
superhero_test_1929,
superhero_test_1930,
superhero_test_1931,
superhero_test_1932,
superhero_test_1933,
superhero_test_1934,
superhero_test_1935,
superhero_test_1936,
superhero_test_1937,
superhero_test_1938,
superhero_test_1939,
superhero_test_1940,
superhero_test_1941,
superhero_test_1942,
superhero_test_1943,
superhero_test_1944,
superhero_test_1945,
superhero_test_1946,
superhero_test_1947,
superhero_test_1948,
superhero_test_1949,
superhero_test_1950,
superhero_test_1951,
superhero_test_1952,
superhero_test_1953,
superhero_test_1954,
superhero_test_1955,
superhero_test_1956,
superhero_test_1957,
superhero_test_1958,
superhero_test_1959,
superhero_test_1960,
superhero_test_1961,
superhero_test_1962,
superhero_test_1963,
superhero_test_1964,
superhero_test_1965,
superhero_test_1966,
superhero_test_1967,
superhero_test_1968,
superhero_test_1969,
superhero_test_1970,
superhero_test_1971,
superhero_test_1972,
superhero_test_1973,
superhero_test_1974,
superhero_test_1975,
superhero_test_1976,
superhero_test_1977,
superhero_test_1978,
superhero_test_1979,
superhero_test_1980,
superhero_test_1981,
superhero_test_1982,
superhero_test_1983,
superhero_test_1984,
superhero_test_1985,
superhero_test_1986,
superhero_test_1987,
superhero_test_1988,
superhero_test_1989,
superhero_test_1990,
superhero_test_1991,
superhero_test_1992,
superhero_test_1993,
superhero_test_1994,
superhero_test_1995,
superhero_test_1996,
superhero_test_1997,
superhero_test_1998,
superhero_test_1999,
superhero_test_2000,
superhero_test_2001,
superhero_test_2002,
superhero_test_2003,
superhero_test_2004,
superhero_test_2005,
superhero_test_2006,
superhero_test_2007,
superhero_test_2008,
superhero_test_2009,
superhero_test_2010,
superhero_test_2011,
superhero_test_2012,
superhero_test_2013,
superhero_test_2014,
superhero_test_2015,
superhero_test_2016,
superhero_test_2017,
superhero_test_2018,
superhero_test_2019,
superhero_test_2020,
superhero_test_2021,
superhero_test_2022,
superhero_test_2023,
superhero_test_2024,
superhero_test_2025,
superhero_test_2026,
superhero_test_2027,
superhero_test_2028,
superhero_test_2029,
superhero_test_2030,
superhero_test_2031,
superhero_test_2032,
superhero_test_2033,
superhero_test_2034,
superhero_test_2035,
superhero_test_2036,
superhero_test_2037,
superhero_test_2038,
superhero_test_2039,
superhero_test_2040,
superhero_test_2041,
superhero_test_2042,
superhero_test_2043,
superhero_test_2044,
superhero_test_2045,
superhero_test_2046,
superhero_test_2047,
superhero_test_2048,
superhero_test_2049,
superhero_test_2050,
superhero_test_2051,
superhero_test_2052,
superhero_test_2053,
superhero_test_2054,
superhero_test_2055,
superhero_test_2056,
superhero_test_2057,
superhero_test_2058,
superhero_test_2059,
superhero_test_2060,
superhero_test_2061,
superhero_test_2062,
superhero_test_2063,
superhero_test_2064,
superhero_test_2065,
superhero_test_2066,
superhero_test_2067,
superhero_test_2068,
superhero_test_2069,
superhero_test_2070,
superhero_test_2071,
superhero_test_2072,
superhero_test_2073,
superhero_test_2074,
superhero_test_2075,
superhero_test_2076,
superhero_test_2077,
superhero_test_2078,
superhero_test_2079,
superhero_test_2080,
superhero_test_2081,
superhero_test_2082,
superhero_test_2083,
superhero_test_2084,
superhero_test_2085,
superhero_test_2086,
superhero_test_2087,
superhero_test_2088,
superhero_test_2089,
superhero_test_2090,
superhero_test_2091,
superhero_test_2092,
superhero_test_2093,
superhero_test_2094,
superhero_test_2095,
superhero_test_2096,
superhero_test_2097,
superhero_test_2098,
superhero_test_2099,
superhero_test_2100,
superhero_test_2101,
superhero_test_2102,
superhero_test_2103,
superhero_test_2104,
superhero_test_2105,
superhero_test_2106,
superhero_test_2107,
superhero_test_2108,
superhero_test_2109,
superhero_test_2110,
superhero_test_2111,
superhero_test_2112,
superhero_test_2113,
superhero_test_2114,
superhero_test_2115,
superhero_test_2116,
superhero_test_2117,
superhero_test_2118,
superhero_test_2119,
superhero_test_2120,
superhero_test_2121,
superhero_test_2122,
superhero_test_2123,
superhero_test_2124,
superhero_test_2125,
superhero_test_2126,
superhero_test_2127,
superhero_test_2128,
superhero_test_2129,
superhero_test_2130,
superhero_test_2131,
superhero_test_2132,
superhero_test_2133,
superhero_test_2134,
superhero_test_2135,
superhero_test_2136,
superhero_test_2137,
superhero_test_2138,
superhero_test_2139,
superhero_test_2140,
superhero_test_2141,
superhero_test_2142,
superhero_test_2143,
superhero_test_2144,
superhero_test_2145,
superhero_test_2146,
superhero_test_2147,
superhero_test_2148,
superhero_test_2149,
superhero_test_2150,
superhero_test_2151,
superhero_test_2152,
superhero_test_2153,
superhero_test_2154,
superhero_test_2155,
superhero_test_2156,
superhero_test_2157,
superhero_test_2158,
superhero_test_2159,
superhero_test_2160,
superhero_test_2161,
superhero_test_2162,
superhero_test_2163,
superhero_test_2164,
superhero_test_2165,
superhero_test_2166,
superhero_test_2167,
superhero_test_2168,
superhero_test_2169,
superhero_test_2170,
superhero_test_2171,
superhero_test_2172,
superhero_test_2173,
superhero_test_2174,
superhero_test_2175,
superhero_test_2176,
superhero_test_2177,
superhero_test_2178,
superhero_test_2179,
superhero_test_2180,
superhero_test_2181,
superhero_test_2182,
superhero_test_2183,
superhero_test_2184,
superhero_test_2185,
superhero_test_2186,
superhero_test_2187,
superhero_test_2188,
superhero_test_2189,
superhero_test_2190,
superhero_test_2191,
superhero_test_2192,
superhero_test_2193,
superhero_test_2194,
superhero_test_2195,
superhero_test_2196,
superhero_test_2197,
superhero_test_2198,
superhero_test_2199,
superhero_test_2200,
superhero_test_2201,
superhero_test_2202,
superhero_test_2203,
superhero_test_2204,
superhero_test_2205,
superhero_test_2206,
superhero_test_2207,
superhero_test_2208,
superhero_test_2209,
superhero_test_2210,
superhero_test_2211,
superhero_test_2212,
superhero_test_2213,
superhero_test_2214,
superhero_test_2215,
superhero_test_2216,
superhero_test_2217,
superhero_test_2218,
superhero_test_2219,
superhero_test_2220,
superhero_test_2221,
superhero_test_2222,
superhero_test_2223,
superhero_test_2224,
superhero_test_2225,
superhero_test_2226,
superhero_test_2227,
superhero_test_2228,
superhero_test_2229,
superhero_test_2230,
superhero_test_2231,
superhero_test_2232,
superhero_test_2233,
superhero_test_2234,
superhero_test_2235,
superhero_test_2236,
superhero_test_2237,
superhero_test_2238,
superhero_test_2239,
superhero_test_2240,
superhero_test_2241,
superhero_test_2242,
superhero_test_2243,
superhero_test_2244,
superhero_test_2245,
superhero_test_2246,
superhero_test_2247,
superhero_test_2248,
superhero_test_2249,
superhero_test_2250,
superhero_test_2251,
superhero_test_2252,
superhero_test_2253,
superhero_test_2254,
superhero_test_2255,
superhero_test_2256,
superhero_test_2257,
superhero_test_2258,
superhero_test_2259,
superhero_test_2260,
superhero_test_2261,
superhero_test_2262,
superhero_test_2263,
superhero_test_2264,
superhero_test_2265,
superhero_test_2266,
superhero_test_2267,
superhero_test_2268,
superhero_test_2269,
superhero_test_2270,
superhero_test_2271,
superhero_test_2272,
superhero_test_2273,
superhero_test_2274,
superhero_test_2275,
superhero_test_2276,
superhero_test_2277,
superhero_test_2278,
superhero_test_2279,
superhero_test_2280,
superhero_test_2281,
superhero_test_2282,
superhero_test_2283,
superhero_test_2284,
superhero_test_2285,
superhero_test_2286,
superhero_test_2287,
superhero_test_2288,
superhero_test_2289,
superhero_test_2290,
superhero_test_2291,
superhero_test_2292,
superhero_test_2293,
superhero_test_2294,
superhero_test_2295,
superhero_test_2296,
superhero_test_2297,
superhero_test_2298,
superhero_test_2299,
superhero_test_2300,
superhero_test_2301,
superhero_test_2302,
superhero_test_2303,
superhero_test_2304,
superhero_test_2305,
superhero_test_2306,
superhero_test_2307,
superhero_test_2308,
superhero_test_2309,
superhero_test_2310,
superhero_test_2311,
superhero_test_2312,
superhero_test_2313,
superhero_test_2314,
superhero_test_2315,
superhero_test_2316,
superhero_test_2317,
superhero_test_2318,
superhero_test_2319,
superhero_test_2320,
superhero_test_2321,
superhero_test_2322,
superhero_test_2323,
superhero_test_2324,
superhero_test_2325,
superhero_test_2326,
superhero_test_2327,
superhero_test_2328,
superhero_test_2329,
superhero_test_2330,
superhero_test_2331,
superhero_test_2332,
superhero_test_2333,
superhero_test_2334,
superhero_test_2335,
superhero_test_2336,
superhero_test_2337,
superhero_test_2338,
superhero_test_2339,
superhero_test_2340,
superhero_test_2341,
superhero_test_2342,
superhero_test_2343,
superhero_test_2344,
superhero_test_2345,
superhero_test_2346,
superhero_test_2347,
superhero_test_2348,
superhero_test_2349,
superhero_test_2350,
superhero_test_2351,
superhero_test_2352,
superhero_test_2353,
superhero_test_2354,
superhero_test_2355,
superhero_test_2356,
superhero_test_2357,
superhero_test_2358,
superhero_test_2359,
superhero_test_2360,
superhero_test_2361,
superhero_test_2362,
superhero_test_2363,
superhero_test_2364,
superhero_test_2365,
superhero_test_2366,
superhero_test_2367,
superhero_test_2368,
superhero_test_2369,
superhero_test_2370,
superhero_test_2371,
superhero_test_2372,
superhero_test_2373,
superhero_test_2374,
superhero_test_2375,
superhero_test_2376,
superhero_test_2377,
superhero_test_2378,
superhero_test_2379,
superhero_test_2380,
superhero_test_2381,
superhero_test_2382,
superhero_test_2383,
superhero_test_2384,
superhero_test_2385,
superhero_test_2386,
superhero_test_2387,
superhero_test_2388,
superhero_test_2389,
superhero_test_2390,
superhero_test_2391,
superhero_test_2392,
superhero_test_2393,
superhero_test_2394,
superhero_test_2395,
superhero_test_2396,
superhero_test_2397,
superhero_test_2398,
superhero_test_2399,
superhero_test_2400,
superhero_test_2401,
superhero_test_2402,
superhero_test_2403,
superhero_test_2404,
superhero_test_2405,
superhero_test_2406,
superhero_test_2407,
superhero_test_2408,
superhero_test_2409,
superhero_test_2410,
superhero_test_2411,
superhero_test_2412,
superhero_test_2413,
superhero_test_2414,
superhero_test_2415,
superhero_test_2416,
superhero_test_2417,
superhero_test_2418,
superhero_test_2419,
superhero_test_2420,
superhero_test_2421,
superhero_test_2422,
superhero_test_2423,
superhero_test_2424,
superhero_test_2425,
superhero_test_2426,
superhero_test_2427,
superhero_test_2428,
superhero_test_2429,
superhero_test_2430,
superhero_test_2431,
superhero_test_2432,
superhero_test_2433,
superhero_test_2434,
superhero_test_2435,
superhero_test_2436,
superhero_test_2437,
superhero_test_2438,
superhero_test_2439,
superhero_test_2440,
superhero_test_2441,
superhero_test_2442,
superhero_test_2443,
superhero_test_2444,
superhero_test_2445,
superhero_test_2446,
superhero_test_2447,
superhero_test_2448,
superhero_test_2449,
superhero_test_2450,
superhero_test_2451,
superhero_test_2452,
superhero_test_2453,
superhero_test_2454,
superhero_test_2455,
superhero_test_2456,
superhero_test_2457,
superhero_test_2458,
superhero_test_2459,
superhero_test_2460,
superhero_test_2461,
superhero_test_2462,
superhero_test_2463,
superhero_test_2464,
superhero_test_2465,
superhero_test_2466,
superhero_test_2467,
superhero_test_2468,
superhero_test_2469,
superhero_test_2470,
superhero_test_2471,
superhero_test_2472,
superhero_test_2473,
superhero_test_2474,
superhero_test_2475,
superhero_test_2476,
superhero_test_2477,
superhero_test_2478,
superhero_test_2479,
superhero_test_2480,
superhero_test_2481,
superhero_test_2482,
superhero_test_2483,
superhero_test_2484,
superhero_test_2485,
superhero_test_2486,
superhero_test_2487,
superhero_test_2488,
superhero_test_2489,
superhero_test_2490,
superhero_test_2491,
superhero_test_2492,
superhero_test_2493,
superhero_test_2494,
superhero_test_2495,
superhero_test_2496,
superhero_test_2497,
superhero_test_2498,
superhero_test_2499,
superhero_test_2500,
superhero_test_2501,
superhero_test_2502,
superhero_test_2503,
superhero_test_2504,
superhero_test_2505,
superhero_test_2506,
superhero_test_2507,
superhero_test_2508,
superhero_test_2509,
superhero_test_2510,
superhero_test_2511,
superhero_test_2512,
superhero_test_2513,
superhero_test_2514,
superhero_test_2515,
superhero_test_2516,
superhero_test_2517,
superhero_test_2518,
superhero_test_2519,
superhero_test_2520,
superhero_test_2521,
superhero_test_2522,
superhero_test_2523,
superhero_test_2524,
superhero_test_2525,
superhero_test_2526,
superhero_test_2527,
superhero_test_2528,
superhero_test_2529,
superhero_test_2530,
superhero_test_2531,
superhero_test_2532,
superhero_test_2533,
superhero_test_2534,
superhero_test_2535,
superhero_test_2536,
superhero_test_2537,
superhero_test_2538,
superhero_test_2539,
superhero_test_2540,
superhero_test_2541,
superhero_test_2542,
superhero_test_2543,
superhero_test_2544,
superhero_test_2545,
superhero_test_2546,
superhero_test_2547,
superhero_test_2548,
superhero_test_2549,
superhero_test_2550,
superhero_test_2551,
superhero_test_2552,
superhero_test_2553,
superhero_test_2554,
superhero_test_2555,
superhero_test_2556,
superhero_test_2557,
superhero_test_2558,
superhero_test_2559,
superhero_test_2560,
superhero_test_2561,
superhero_test_2562,
superhero_test_2563,
superhero_test_2564,
superhero_test_2565,
superhero_test_2566,
superhero_test_2567,
superhero_test_2568,
superhero_test_2569,
superhero_test_2570,
superhero_test_2571,
superhero_test_2572,
superhero_test_2573,
superhero_test_2574,
superhero_test_2575,
superhero_test_2576,
superhero_test_2577,
superhero_test_2578,
superhero_test_2579,
superhero_test_2580,
superhero_test_2581,
superhero_test_2582,
superhero_test_2583,
superhero_test_2584,
superhero_test_2585,
superhero_test_2586,
superhero_test_2587,
superhero_test_2588,
superhero_test_2589,
superhero_test_2590,
superhero_test_2591,
superhero_test_2592,
superhero_test_2593,
superhero_test_2594,
superhero_test_2595,
superhero_test_2596,
superhero_test_2597,
superhero_test_2598,
superhero_test_2599,
superhero_test_2600,
superhero_test_2601,
superhero_test_2602,
superhero_test_2603,
superhero_test_2604,
superhero_test_2605,
superhero_test_2606,
superhero_test_2607,
superhero_test_2608,
superhero_test_2609,
superhero_test_2610,
superhero_test_2611,
superhero_test_2612,
superhero_test_2613,
superhero_test_2614,
superhero_test_2615,
superhero_test_2616,
superhero_test_2617,
superhero_test_2618,
superhero_test_2619,
superhero_test_2620,
superhero_test_2621,
superhero_test_2622,
superhero_test_2623,
superhero_test_2624,
superhero_test_2625,
superhero_test_2626,
superhero_test_2627,
superhero_test_2628,
superhero_test_2629,
superhero_test_2630,
superhero_test_2631,
superhero_test_2632,
superhero_test_2633,
superhero_test_2634,
superhero_test_2635,
superhero_test_2636,
superhero_test_2637,
superhero_test_2638,
superhero_test_2639,
superhero_test_2640,
superhero_test_2641,
superhero_test_2642,
superhero_test_2643,
superhero_test_2644,
superhero_test_2645,
superhero_test_2646,
superhero_test_2647,
superhero_test_2648,
superhero_test_2649,
superhero_test_2650,
superhero_test_2651,
superhero_test_2652,
superhero_test_2653,
superhero_test_2654,
superhero_test_2655,
superhero_test_2656,
superhero_test_2657,
superhero_test_2658,
superhero_test_2659,
superhero_test_2660,
superhero_test_2661,
superhero_test_2662,
superhero_test_2663,
superhero_test_2664,
superhero_test_2665,
superhero_test_2666,
superhero_test_2667,
superhero_test_2668,
superhero_test_2669,
superhero_test_2670,
superhero_test_2671,
superhero_test_2672,
superhero_test_2673,
superhero_test_2674,
superhero_test_2675,
superhero_test_2676,
superhero_test_2677,
superhero_test_2678,
superhero_test_2679,
superhero_test_2680,
superhero_test_2681,
superhero_test_2682,
superhero_test_2683,
superhero_test_2684,
superhero_test_2685,
superhero_test_2686,
superhero_test_2687,
superhero_test_2688,
superhero_test_2689,
superhero_test_2690,
superhero_test_2691,
superhero_test_2692,
superhero_test_2693,
superhero_test_2694,
superhero_test_2695,
superhero_test_2696,
superhero_test_2697,
superhero_test_2698,
superhero_test_2699,
superhero_test_2700,
superhero_test_2701,
superhero_test_2702,
superhero_test_2703,
superhero_test_2704,
superhero_test_2705,
superhero_test_2706,
superhero_test_2707,
superhero_test_2708,
superhero_test_2709,
superhero_test_2710,
superhero_test_2711,
superhero_test_2712,
superhero_test_2713,
superhero_test_2714,
superhero_test_2715,
superhero_test_2716,
superhero_test_2717,
superhero_test_2718,
superhero_test_2719,
superhero_test_2720,
superhero_test_2721,
superhero_test_2722,
superhero_test_2723,
superhero_test_2724,
superhero_test_2725,
superhero_test_2726,
superhero_test_2727,
superhero_test_2728,
superhero_test_2729,
superhero_test_2730,
superhero_test_2731,
superhero_test_2732,
superhero_test_2733,
superhero_test_2734,
superhero_test_2735,
superhero_test_2736,
superhero_test_2737,
superhero_test_2738,
superhero_test_2739,
superhero_test_2740,
superhero_test_2741,
superhero_test_2742,
superhero_test_2743,
superhero_test_2744,
superhero_test_2745,
superhero_test_2746,
superhero_test_2747,
superhero_test_2748,
superhero_test_2749,
superhero_test_2750,
superhero_test_2751,
superhero_test_2752,
superhero_test_2753,
superhero_test_2754,
superhero_test_2755,
superhero_test_2756,
superhero_test_2757,
superhero_test_2758,
superhero_test_2759,
superhero_test_2760,
superhero_test_2761,
superhero_test_2762,
superhero_test_2763,
superhero_test_2764,
superhero_test_2765,
superhero_test_2766,
superhero_test_2767,
superhero_test_2768,
superhero_test_2769,
superhero_test_2770,
superhero_test_2771,
superhero_test_2772,
superhero_test_2773,
superhero_test_2774,
superhero_test_2775,
superhero_test_2776,
superhero_test_2777,
superhero_test_2778,
superhero_test_2779,
superhero_test_2780,
superhero_test_2781,
superhero_test_2782,
superhero_test_2783,
superhero_test_2784,
superhero_test_2785,
superhero_test_2786,
superhero_test_2787,
superhero_test_2788,
superhero_test_2789,
superhero_test_2790,
superhero_test_2791,
superhero_test_2792,
superhero_test_2793,
superhero_test_2794,
superhero_test_2795,
superhero_test_2796,
superhero_test_2797,
superhero_test_2798,
superhero_test_2799,
superhero_test_2800,
superhero_test_2801,
superhero_test_2802,
superhero_test_2803,
superhero_test_2804,
superhero_test_2805,
superhero_test_2806,
superhero_test_2807,
superhero_test_2808,
superhero_test_2809,
superhero_test_2810,
superhero_test_2811,
superhero_test_2812,
superhero_test_2813,
superhero_test_2814,
superhero_test_2815,
superhero_test_2816,
superhero_test_2817,
superhero_test_2818,
superhero_test_2819,
superhero_test_2820,
superhero_test_2821,
superhero_test_2822,
superhero_test_2823,
superhero_test_2824,
superhero_test_2825,
superhero_test_2826,
superhero_test_2827,
superhero_test_2828,
superhero_test_2829,
superhero_test_2830,
superhero_test_2831,
superhero_test_2832,
superhero_test_2833,
superhero_test_2834,
superhero_test_2835,
superhero_test_2836,
superhero_test_2837,
superhero_test_2838,
superhero_test_2839,
superhero_test_2840,
superhero_test_2841,
superhero_test_2842,
superhero_test_2843,
superhero_test_2844,
superhero_test_2845,
superhero_test_2846,
superhero_test_2847,
superhero_test_2848,
superhero_test_2849,
superhero_test_2850,
superhero_test_2851,
superhero_test_2852,
superhero_test_2853,
superhero_test_2854,
superhero_test_2855,
superhero_test_2856,
superhero_test_2857,
superhero_test_2858,
superhero_test_2859,
superhero_test_2860,
superhero_test_2861,
superhero_test_2862,
superhero_test_2863,
superhero_test_2864,
superhero_test_2865,
superhero_test_2866,
superhero_test_2867,
superhero_test_2868,
superhero_test_2869,
superhero_test_2870,
superhero_test_2871,
superhero_test_2872,
superhero_test_2873,
superhero_test_2874,
superhero_test_2875,
superhero_test_2876,
superhero_test_2877,
superhero_test_2878,
superhero_test_2879,
superhero_test_2880,
superhero_test_2881,
superhero_test_2882,
superhero_test_2883,
superhero_test_2884,
superhero_test_2885,
superhero_test_2886,
superhero_test_2887,
superhero_test_2888,
superhero_test_2889,
superhero_test_2890,
superhero_test_2891,
superhero_test_2892,
superhero_test_2893,
superhero_test_2894,
superhero_test_2895,
superhero_test_2896,
superhero_test_2897,
superhero_test_2898,
superhero_test_2899,
superhero_test_2900,
superhero_test_2901,
superhero_test_2902,
superhero_test_2903,
superhero_test_2904,
superhero_test_2905,
superhero_test_2906,
superhero_test_2907,
superhero_test_2908,
superhero_test_2909,
superhero_test_2910,
superhero_test_2911,
superhero_test_2912,
superhero_test_2913,
superhero_test_2914,
superhero_test_2915,
superhero_test_2916,
superhero_test_2917,
superhero_test_2918,
superhero_test_2919,
superhero_test_2920,
superhero_test_2921,
superhero_test_2922,
superhero_test_2923,
superhero_test_2924,
superhero_test_2925,
superhero_test_2926,
superhero_test_2927,
superhero_test_2928,
superhero_test_2929,
superhero_test_2930,
superhero_test_2931,
superhero_test_2932,
superhero_test_2933,
superhero_test_2934,
superhero_test_2935,
superhero_test_2936,
superhero_test_2937,
superhero_test_2938,
superhero_test_2939,
superhero_test_2940,
superhero_test_2941,
superhero_test_2942,
superhero_test_2943,
superhero_test_2944,
superhero_test_2945,
superhero_test_2946,
superhero_test_2947,
superhero_test_2948,
superhero_test_2949,
superhero_test_2950,
superhero_test_2951,
superhero_test_2952,
superhero_test_2953,
superhero_test_2954,
superhero_test_2955,
superhero_test_2956,
superhero_test_2957,
superhero_test_2958,
superhero_test_2959,
superhero_test_2960,
superhero_test_2961,
superhero_test_2962,
superhero_test_2963,
superhero_test_2964,
superhero_test_2965,
superhero_test_2966,
superhero_test_2967,
superhero_test_2968,
superhero_test_2969,
superhero_test_2970,
superhero_test_2971,
superhero_test_2972,
superhero_test_2973,
superhero_test_2974,
superhero_test_2975,
superhero_test_2976,
superhero_test_2977,
superhero_test_2978,
superhero_test_2979,
superhero_test_2980,
superhero_test_2981,
superhero_test_2982,
superhero_test_2983,
superhero_test_2984,
superhero_test_2985,
superhero_test_2986,
superhero_test_2987,
superhero_test_2988,
superhero_test_2989,
superhero_test_2990,
superhero_test_2991,
superhero_test_2992,
superhero_test_2993,
superhero_test_2994,
superhero_test_2995,
superhero_test_2996,
superhero_test_2997,
superhero_test_2998,
superhero_test_2999,
superhero_test_3000,
superhero_test_3001,
superhero_test_3002,
superhero_test_3003,
superhero_test_3004,
superhero_test_3005,
superhero_test_3006,
superhero_test_3007,
superhero_test_3008,
superhero_test_3009,
superhero_test_3010,
superhero_test_3011,
superhero_test_3012,
superhero_test_3013,
superhero_test_3014,
superhero_test_3015,
superhero_test_3016,
superhero_test_3017,
superhero_test_3018,
superhero_test_3019,
superhero_test_3020,
superhero_test_3021,
superhero_test_3022,
superhero_test_3023,
superhero_test_3024,
superhero_test_3025,
superhero_test_3026,
superhero_test_3027,
superhero_test_3028,
superhero_test_3029,
superhero_test_3030,
superhero_test_3031,
superhero_test_3032,
superhero_test_3033,
superhero_test_3034,
superhero_test_3035,
superhero_test_3036,
superhero_test_3037,
superhero_test_3038,
superhero_test_3039,
superhero_test_3040,
superhero_test_3041,
superhero_test_3042,
superhero_test_3043,
superhero_test_3044,
superhero_test_3045,
superhero_test_3046,
superhero_test_3047,
superhero_test_3048,
superhero_test_3049,
superhero_test_3050,
superhero_test_3051,
superhero_test_3052,
superhero_test_3053,
superhero_test_3054,
superhero_test_3055,
superhero_test_3056,
superhero_test_3057,
superhero_test_3058,
superhero_test_3059,
superhero_test_3060,
superhero_test_3061,
superhero_test_3062,
superhero_test_3063,
superhero_test_3064,
superhero_test_3065,
superhero_test_3066,
superhero_test_3067,
superhero_test_3068,
superhero_test_3069,
superhero_test_3070,
superhero_test_3071,
superhero_test_3072,
superhero_test_3073,
superhero_test_3074,
superhero_test_3075,
superhero_test_3076,
superhero_test_3077,
superhero_test_3078,
superhero_test_3079,
superhero_test_3080,
superhero_test_3081,
superhero_test_3082,
superhero_test_3083,
superhero_test_3084,
superhero_test_3085,
superhero_test_3086,
superhero_test_3087,
superhero_test_3088,
superhero_test_3089,
superhero_test_3090,
superhero_test_3091,
superhero_test_3092,
superhero_test_3093,
superhero_test_3094,
superhero_test_3095,
superhero_test_3096,
superhero_test_3097,
superhero_test_3098,
superhero_test_3099,
superhero_test_3100,
superhero_test_3101,
superhero_test_3102,
superhero_test_3103,
superhero_test_3104,
superhero_test_3105,
superhero_test_3106,
superhero_test_3107,
superhero_test_3108,
superhero_test_3109,
superhero_test_3110,
superhero_test_3111,
superhero_test_3112,
superhero_test_3113,
superhero_test_3114,
superhero_test_3115,
superhero_test_3116,
superhero_test_3117,
superhero_test_3118,
superhero_test_3119,
superhero_test_3120,
superhero_test_3121,
superhero_test_3122,
superhero_test_3123,
superhero_test_3124,
superhero_test_3125,
superhero_test_3126,
superhero_test_3127,
superhero_test_3128,
superhero_test_3129,
superhero_test_3130,
superhero_test_3131,
superhero_test_3132,
superhero_test_3133,
superhero_test_3134,
superhero_test_3135,
superhero_test_3136,
superhero_test_3137,
superhero_test_3138,
superhero_test_3139,
superhero_test_3140,
superhero_test_3141,
superhero_test_3142,
superhero_test_3143,
superhero_test_3144,
superhero_test_3145,
superhero_test_3146,
superhero_test_3147,
superhero_test_3148,
superhero_test_3149,
superhero_test_3150,
superhero_test_3151,
superhero_test_3152,
superhero_test_3153,
superhero_test_3154,
superhero_test_3155,
superhero_test_3156,
superhero_test_3157,
superhero_test_3158,
superhero_test_3159,
superhero_test_3160,
superhero_test_3161,
superhero_test_3162,
superhero_test_3163,
superhero_test_3164,
superhero_test_3165,
superhero_test_3166,
superhero_test_3167,
superhero_test_3168,
superhero_test_3169,
superhero_test_3170,
superhero_test_3171,
superhero_test_3172,
superhero_test_3173,
superhero_test_3174,
superhero_test_3175,
superhero_test_3176,
superhero_test_3177,
superhero_test_3178,
superhero_test_3179,
superhero_test_3180,
superhero_test_3181,
superhero_test_3182,
superhero_test_3183,
superhero_test_3184,
superhero_test_3185,
superhero_test_3186,
superhero_test_3187,
superhero_test_3188,
superhero_test_3189,
superhero_test_3190,
superhero_test_3191,
superhero_test_3192,
superhero_test_3193,
superhero_test_3194,
superhero_test_3195,
superhero_test_3196,
superhero_test_3197,
superhero_test_3198,
superhero_test_3199,
superhero_test_3200,
superhero_test_3201,
superhero_test_3202,
superhero_test_3203,
superhero_test_3204,
superhero_test_3205,
superhero_test_3206,
superhero_test_3207,
superhero_test_3208,
superhero_test_3209,
superhero_test_3210,
superhero_test_3211,
superhero_test_3212,
superhero_test_3213,
superhero_test_3214,
superhero_test_3215,
superhero_test_3216,
superhero_test_3217,
superhero_test_3218,
superhero_test_3219,
superhero_test_3220,
superhero_test_3221,
superhero_test_3222,
superhero_test_3223,
superhero_test_3224,
superhero_test_3225,
superhero_test_3226,
superhero_test_3227,
superhero_test_3228,
superhero_test_3229,
superhero_test_3230,
superhero_test_3231,
superhero_test_3232,
superhero_test_3233,
superhero_test_3234,
superhero_test_3235,
superhero_test_3236,
superhero_test_3237,
superhero_test_3238,
superhero_test_3239,
superhero_test_3240,
superhero_test_3241,
superhero_test_3242,
superhero_test_3243,
superhero_test_3244,
superhero_test_3245,
superhero_test_3246,
superhero_test_3247,
superhero_test_3248,
superhero_test_3249,
superhero_test_3250,
superhero_test_3251,
superhero_test_3252,
superhero_test_3253,
superhero_test_3254,
superhero_test_3255,
superhero_test_3256,
superhero_test_3257,
superhero_test_3258,
superhero_test_3259,
superhero_test_3260,
superhero_test_3261,
superhero_test_3262,
superhero_test_3263,
superhero_test_3264,
superhero_test_3265,
superhero_test_3266,
superhero_test_3267,
superhero_test_3268,
superhero_test_3269,
superhero_test_3270,
superhero_test_3271,
superhero_test_3272,
superhero_test_3273,
superhero_test_3274,
superhero_test_3275,
superhero_test_3276,
superhero_test_3277,
superhero_test_3278,
superhero_test_3279,
superhero_test_3280,
superhero_test_3281,
superhero_test_3282,
superhero_test_3283,
superhero_test_3284,
superhero_test_3285,
superhero_test_3286,
superhero_test_3287,
superhero_test_3288,
superhero_test_3289,
superhero_test_3290,
superhero_test_3291,
superhero_test_3292,
superhero_test_3293,
superhero_test_3294,
superhero_test_3295,
superhero_test_3296,
superhero_test_3297,
superhero_test_3298,
superhero_test_3299,
superhero_test_3300,
superhero_test_3301,
superhero_test_3302,
superhero_test_3303,
superhero_test_3304,
superhero_test_3305,
superhero_test_3306,
superhero_test_3307,
superhero_test_3308,
superhero_test_3309,
superhero_test_3310,
superhero_test_3311,
superhero_test_3312,
superhero_test_3313,
superhero_test_3314,
superhero_test_3315,
superhero_test_3316,
superhero_test_3317,
superhero_test_3318,
superhero_test_3319,
superhero_test_3320,
superhero_test_3321,
superhero_test_3322,
superhero_test_3323,
superhero_test_3324,
superhero_test_3325,
superhero_test_3326,
superhero_test_3327,
superhero_test_3328,
superhero_test_3329,
superhero_test_3330,
superhero_test_3331,
superhero_test_3332,
superhero_test_3333,
superhero_test_3334,
superhero_test_3335,
superhero_test_3336,
superhero_test_3337,
superhero_test_3338,
superhero_test_3339,
superhero_test_3340,
superhero_test_3341,
superhero_test_3342,
superhero_test_3343,
superhero_test_3344,
superhero_test_3345,
superhero_test_3346,
superhero_test_3347,
superhero_test_3348,
superhero_test_3349,
superhero_test_3350,
superhero_test_3351,
superhero_test_3352,
superhero_test_3353,
superhero_test_3354,
superhero_test_3355,
superhero_test_3356,
superhero_test_3357,
superhero_test_3358,
superhero_test_3359,
superhero_test_3360,
superhero_test_3361,
superhero_test_3362,
superhero_test_3363,
superhero_test_3364,
superhero_test_3365,
superhero_test_3366,
superhero_test_3367,
superhero_test_3368,
superhero_test_3369,
superhero_test_3370,
superhero_test_3371,
superhero_test_3372,
superhero_test_3373,
superhero_test_3374,
superhero_test_3375,
